timestamp,value,is_anomaly
1135,34272.0,0
274,0.94388888888889,0
263,372.0,0
766,2675.0,0
1167,0.89958336294287,0
839,3.0,0
52,5.8808333333333,0
1056,496.0,0
1397,36.641567117704,0
903,0.0,0
146,8.0,0
1033,15113.0,0
209,0.36611111111111,0
303,197.0,0
1023,11.0,0
1051,2.0002777777778,0
459,59.0,0
985,17323.0,0
54,63.0,0
469,0.12667152784174,0
367,10609.0,0
1293,1127.0,0
518,564.0,0
397,14965.0,0
1406,3377.0,0
329,7.0,0
1103,2486.0,0
59,36.500698683533,0
1063,1368.0,0
587,12835.0,0
806,260561.0,0
23,35754.670650794,0
536,22.0,0
784,0.56404586775084,0
1418,747.0,0
705,632.0,0
942,18.0,0
1117,97.0,0
370,9974.0,0
661,12.0,0
1275,1.1025,0
305,4369.0,0
324,34.0,0
1166,3432.0,0
278,10418.0,0
512,9.0,0
1258,35.0,0
121,0.0,0
905,0.062962962962963,0
668,127420.0,0
944,307452.0,0
475,12672.0,0
1,0.0,0
73,43.0,0
1176,4650224.0,0
929,254.0,0
880,4093.0,0
915,3.5880555555556,0
365,0.8181174321757,0
265,7417.0,0
1169,0.69313546543198,0
122,9277.0,0
1131,1945.0,0
148,1765.0,0
113,6.1613888888889,0
838,6.0,0
764,13.0,0
681,16.0,0
119,46.0,0
31,14.0,0
668,3.0708333333333,0
359,0.47138888888889,0
105,809.0,0
245,9.0598067503857,0
1021,8.9340716244585,0
1217,1.6163888888889,0
963,4863.0,0
926,429.0,0
1327,0.20611111111111,0
236,16.673519986384,0
110,79.0,0
1382,45.0,0
517,2321.0,0
379,18.0,0
1324,1801.0,0
602,2764.0,0
450,0.028013029315961,0
1272,12932.0,0
1420,35110.0,0
1032,22326.0,0
421,1.2808333333333,0
223,23.0,0
96,0.76290511421599,0
1353,12.0,0
462,158.0,0
399,5.0,0
949,431.0,0
932,0.84790661710956,0
1146,35.0,0
579,1.95,0
772,1421.0,0
474,12.0,0
1123,44.0,0
932,47.0,0
1322,397.0,0
557,2310.0,0
664,31245.0,0
1132,36637.0,0
1250,0.60895012270043,0
1446,0.041111111111111,0
1016,1850.0,0
432,1277.0,0
352,2.7586111111111,0
621,23.0,0
348,2.2533333333333,0
609,159.0,0
333,371.0,0
938,3869.0,0
666,62.0,0
337,8641.0,0
1069,10613.0,0
1352,124.0,0
233,37.023981871971,0
1336,9879.0,0
1031,6498.0,0
688,11843.0,0
1420,189.0,0
928,0.76555555555556,0
7,12020.0,0
633,8.6478920531428,0
38,15226.0,0
1336,113.0,0
1176,15.0,0
218,2.0875,0
643,1.9863888888889,0
923,1687.0,0
205,78.0,0
305,770.0,0
582,57.0,0
1174,10648.0,0
725,187.0,0
221,39.033105622701,0
1090,1489.0,0
710,0.09,0
705,47.0,0
275,4584.0,0
866,43893.0,0
1292,2.1877777777778,0
83,0.25722222222222,0
1291,0.21887772653901,0
324,5435.0,0
283,7826.0,0
199,77.0,0
702,95.0,0
843,73.0,0
779,750.0,0
345,74133.0,0
622,34.0,0
375,12990.0,0
1425,0.032777777777778,0
1144,14.0,0
1032,48.0,0
875,0.74530274397222,0
488,12413.0,0
635,2.0,0
1430,18.0,0
1315,81.0,0
861,0.0,0
160,8056.0,0
310,57.0,0
210,76.0,0
369,3053.0,0
18,5.0,0
1004,14687.0,0
366,135.0,0
1395,1.0011111111111,0
537,1978.0,0
718,485.0,0
291,3.5077777777778,0
1206,0.86694444444444,0
1222,43.0,0
157,1.58,0
1424,2494.0,0
478,36.65957240979,0
1309,126.0,0
977,9558.0,0
1329,1.4191666666667,0
144,109.0,0
1186,2027.0,0
837,864.0,0
1274,34.0,0
727,1754.0,0
1028,6860.0,0
649,15.068672316384,0
1117,1.7066666666667,0
285,13.0,0
1005,26416.0,0
1351,17.083756128397,0
577,79.0,0
563,257535.0,0
1355,0.29555555555556,0
573,14034.0,0
400,1093.0,0
1218,36.467453368862,0
538,0.027777777777778,0
873,12973.0,0
842,0.32722222222222,0
952,9394.0,0
434,682144.0,0
807,1.5902777777778,0
1095,3739.0,0
720,6789.0,0
1013,955.0,0
166,0.51166666666667,0
415,31513.0,0
1060,1070.0,0
1085,30145.0,0
581,1.524445,0
1294,0.0,0
732,82.0,0
887,20.0,0
348,10010.0,0
1425,0.86496163682864,0
787,582.0,0
517,0.79472222222222,0
1284,13774.0,0
973,170.0,0
582,0.16388888888889,0
486,1.39224,0
694,2.1080555555556,0
717,9638.0,0
188,11.865484014743,0
725,73.0,0
238,8.0,0
719,123091.0,0
113,0.051191743726563,0
574,0.0,0
671,2.0,0
1056,8542.0,0
48,0.90521584325521,0
835,7871.0,0
821,58461.0,0
1053,1.801618,0
136,3831.0,0
1381,35.098262140653,0
349,2394.0,0
456,102.0,0
1037,1049.0,0
638,14631.0,0
792,706.0,0
956,2711.0,0
168,708.0,0
752,8773.0,0
563,171.0,0
1122,3.0,0
592,2874.0,0
175,8.0,0
1078,641390.0,0
32,0.0325,0
641,13525.0,0
261,14668.0,0
360,10.0,0
631,89.0,0
821,8983.0,0
928,4014.0,0
1319,24.0,0
89,8.0,0
1340,0.0,0
817,7781.0,0
824,368.0,0
800,94.0,0
709,14.850497120559,0
64,172.0,0
675,144384.0,0
1045,1.5211111111111,0
790,4166.0,0
1085,49.0,0
186,1869.0,0
20,5.0,0
894,2.7213888888889,0
966,37.029875880995,0
151,19510.0,0
1241,0.83888888888889,0
1352,2280.0,0
1359,173.0,0
881,37.338704601246,0
160,30836.292405002,0
1387,18.0,0
8,74.0,0
1299,8.8912639019213,0
1331,4275.0,0
683,3.0,0
803,37.900967922566,0
925,2078.0,0
961,0.030162412993039,0
229,2.5811111111111,0
1273,1208.0,0
1326,24.0,0
309,906.0,0
565,34.0,0
186,2.0636111111111,0
1202,21182.0,0
1124,0.42083333333333,0
157,0.12334870873799,0
712,19475.0,0
743,60.0,0
287,684135.0,0
1105,0.0,0
236,9.0,0
806,0.0,0
290,37.0,0
330,0.85,0
853,0.0,0
1311,42.0,0
1056,0.44333333333333,0
699,243.0,0
511,110.0,0
915,41158.0,0
592,1799.0,0
842,9.618839314608,0
321,1325.0,0
302,4.0,0
319,3.0,0
935,0.0,0
267,13.0,0
1061,1.965694,0
1300,430.0,0
366,189.0,0
820,125.0,0
163,4.0,0
183,5.7488888888889,0
963,71.0,0
276,32595.0,0
767,0.0,0
32,8.3962753277662,0
1324,47.0,0
1379,5.1675,0
1039,39.760181326314,0
289,15456.0,0
281,15502.0,0
493,28421.0,0
191,0.0,0
511,34595.046046417,0
1150,559.0,0
183,16566.0,0
287,4.0,0
573,12.0,0
1281,12313.0,0
576,0.046204620462046,0
404,0.1261821130905,0
73,4.0,0
644,43.0,0
179,2430.0,0
212,14138.0,0
1171,36.837606837607,0
708,12847.0,0
1093,1363.0,0
212,12226.0,0
617,443.0,0
317,951.0,0
921,164.0,0
1248,12573.0,0
1414,14.71747498473,0
1073,1.0,0
392,0.028055555555556,0
1188,2.2822222222222,0
1370,0.85305555555556,0
1166,2072.0,0
645,0.50555555555556,0
1273,0.88214797572935,0
756,270601.0,0
563,124.0,0
659,1.5580555555556,0
904,0.11,0
1101,16.0,0
409,1.0908333333333,0
1134,11665.0,0
293,6.0,0
276,0.30305555555556,0
1352,166488.0,0
115,1046.0,0
527,0.029822335025381,0
746,38869.872584536,0
739,1377.0,0
1407,6403.0,0
822,221.0,0
545,6537433.0,0
541,43.0,0
504,117.0,0
323,15.0,0
688,82.0,0
352,0.94,0
533,0.22666666666667,0
1264,0.70912147216878,0
760,74.0,0
227,5.5738888888889,0
913,3.0,0
1396,2.0,0
671,4403.0,0
446,570.0,0
8,80.0,0
16,8.8229918729676,0
737,253.0,0
439,92.0,0
229,5.8363888888889,0
1110,2.6791666666667,0
157,1526.0,0
382,0.0,0
1006,0.047222222222222,0
339,38.980539365801,0
526,674.0,0
35,1.383788,0
426,18445.0,0
290,7861.0,0
443,6.0,0
63,2060.0,0
1241,550716.0,0
1419,81.0,0
285,0.71,0
1075,1.0,0
384,36.375023195398,0
570,8.0,0
105,13.0,0
952,1581.0,0
39,8879.0,0
471,22213.0,0
974,30654.0,0
1081,41.0,0
1407,34.958319439813,0
1174,10.0,0
432,0.41555555555556,0
1399,815.0,0
820,11.0,0
1050,27976.0,0
1022,0.27861111111111,0
266,3322.0,0
849,11270.0,0
635,49.0,0
896,0.66138633785703,0
1403,704.0,0
479,29.0,0
626,12434.0,0
871,14.0,0
974,10031.0,0
1029,1.5730555555556,0
1222,8872.0,0
1298,0.0,0
1288,0.83619348165442,0
7,152.0,0
1150,2.0,0
21,0.69,0
93,1783.0,0
177,1.07,0
114,403.0,0
1355,122.0,0
573,241.0,0
759,1.0,0
1242,334.0,0
133,3.0,0
834,34490.918229918,0
17,1.4936111111111,0
1413,0.13,0
529,86.0,0
968,37.242798353909,0
210,0.070501147961051,0
317,2475.0,0
954,1052.0,0
337,171.0,0
109,1361.0,0
942,5.0,0
736,1927.0,0
395,2714.0,0
1164,102.0,0
1139,81.0,0
642,3107.0,0
956,85.0,0
924,66.0,0
929,0.6904681886034,0
845,10157.0,0
866,0.088576664630422,0
83,51.0,0
140,1079.0,0
44,9.165582439021,0
1111,12.0,0
698,48409.0,0
550,2.3933333333333,0
1354,14873.0,0
171,5395.0,0
108,0.81509060536106,0
817,5.0,0
631,16.0,0
966,10.833898553384,0
1014,38.39480746427,0
202,31528.847979798,0
751,0.96055555555556,0
285,2826.0,0
476,528.0,0
1354,10.0,0
1043,1808.0,0
846,10302.0,0
479,10174.0,0
1350,8.0,0
1426,110.0,0
891,11.0,0
1118,5.5933333333333,0
1044,2.1902777777778,0
12,0.0,0
442,2.0,0
526,0.038552321007081,0
1287,0.37305555555556,0
223,408429.0,0
94,50.0,0
183,1504.0,0
803,50.0,0
402,72.0,0
703,43.0,0
930,7.0,0
780,5744.0,0
105,1991.0,0
361,2932.0,0
1195,16502.0,0
283,17063.0,0
831,107.0,0
795,0.041930379746835,0
616,473.0,0
325,97.0,0
109,1.29,0
131,105.0,0
1026,8.0,0
294,0.61133789526495,0
1358,161.0,0
841,38.975932043417,0
1281,0.88861111111111,0
678,14.861494902266,0
1289,1.0,0
710,1.4505555555556,0
273,290605.0,0
28,9462.0,0
1409,0.82583333333333,0
537,491.0,0
394,3565.0,0
950,60.0,0
1389,612.0,0
965,0.049444444444444,0
295,1476.0,0
219,0.27638888888889,0
1048,38.0,0
832,97.0,0
1373,21.0,0
711,868.0,0
414,14.15420433145,0
424,148.0,0
209,38.060746241402,0
1006,8558.0,0
936,645.0,0
1197,10289.0,0
776,6863.0,0
607,0.65322544538806,0
1335,36.0,0
848,1041.0,0
1207,0.08,0
541,8.0,0
580,3287.0,0
1214,18.0,0
880,5.0,0
167,0.81657067842205,0
663,0.085923759744419,0
467,0.25583333333333,0
1190,9125.0,0
314,2308.0,0
84,2211.0,0
1099,1009.0,0
40,8861.0,0
811,1.0,0
215,1344.0,0
27,185.0,0
1341,676.0,0
653,11947.0,0
1339,0.0,0
885,25.0,0
687,31034.876121934,0
540,29.0,0
1198,0.034722222222222,0
1340,129.0,0
847,256.0,0
801,282.0,0
995,34.0,0
1138,36805.090226912,0
1337,69.0,0
625,6821.0,0
60,19268.0,0
3,36466.914482684,0
405,6690.0,0
591,717.0,0
1420,67.0,0
1099,188.0,0
1205,14.0,0
758,28.0,0
315,13150.0,0
523,151.0,0
368,2078.0,0
1126,43189.0,0
644,1.565729,0
947,1.4008333333333,0
100,30.0,0
181,1489.0,0
988,12.0,0
998,1720.0,0
791,297.0,0
919,3849.0,0
866,1247.0,0
368,0.0,0
795,1.645168,0
149,39.718132760518,0
470,64.0,0
1200,112.0,0
263,12174.0,0
1094,81.0,0
4,1.0538888888889,0
474,38.824560305439,0
1115,11.0,0
1100,0.043478260869565,0
946,1245.0,0
1220,483606.0,0
60,28253.0,0
95,35.726065445708,0
335,9.0,0
1141,2.5536111111111,0
241,87.0,0
1308,5.0,0
140,15656.0,0
1134,1883.0,0
260,9.4442659451788,0
1364,450.0,0
1168,29108.0,0
1392,512.0,0
473,5745154.0,0
582,0.13,0
1104,38.0,0
856,1614.0,0
1192,0.35027777777778,0
416,0.042917873674349,0
976,1524.0,0
932,9.3723966374333,0
528,0.040254237288136,0
7,2304.0,0
1173,116.0,0
1397,9.7827336294024,0
698,4627887.0,0
889,4.0,0
451,676751.0,0
799,11764.0,0
745,39156.913231962,0
1023,0.057248496594128,0
47,10518.0,0
1244,19444.0,0
446,2929.0,0
76,0.48303286569996,0
313,2291.0,0
551,22.0,0
1326,10072.0,0
610,12.0,0
1378,0.7505244951839,0
1327,1.2361111111111,0
380,20.0,0
503,6.0844444444444,0
1212,0.0,0
206,1572.0,0
31,0.0,0
1140,44.0,0
375,4.0,0
194,15259.0,0
1227,682.0,0
159,65.0,0
554,144058.0,0
624,3997090.0,0
857,46.0,0
448,14952.0,0
917,1734.0,0
274,83.0,0
1140,34613.0,0
917,1209.0,0
664,2.0,0
545,13048.0,0
401,42628.0,0
1088,16.0,0
162,10167.0,0
336,638.0,0
375,30817.249736893,0
616,0.11,0
646,1.589888,0
1220,1.5430555555556,0
595,5.0,0
607,32030.0,0
491,0.099551526697496,0
1234,1685.0,0
30,57711.0,0
883,18.0,0
427,138.0,0
1319,3.5847222222222,0
1034,7.0,0
189,15.0,0
664,46.0,0
1222,0.13,0
909,711.0,0
1385,10554.0,0
67,0.39777777777778,0
1016,1.0,0
1167,11.0,0
198,40.661098276168,0
11,1.4919444444444,0
714,35.997498436523,0
1334,99.0,0
446,908.0,0
95,0.22766213151927,0
1383,14.0,0
1,0.0,0
1046,204.0,0
1143,313042.0,0
694,0.03,0
1094,14368.0,0
951,2.8063888888889,0
539,11146.0,0
1323,1962.0,0
317,1.0,0
799,62.0,0
728,9.428698607106,0
83,32086.471545214,0
826,37.0,0
1128,0.0,0
165,0.035277777777778,0
897,59.0,0
187,0.425,0
1260,15414.0,0
748,27.0,0
26,15597.0,0
151,150895.0,0
281,6.0,0
274,15152.0,0
1133,1.940169,0
947,62.0,0
1440,3.5613888888889,0
734,29.0,0
1171,0.95027777777778,0
618,1.9283333333333,0
1078,7253.0,0
648,36.941118983631,0
521,8.9416180545524,0
724,0.99985689915261,0
921,0.18222222222222,0
1280,5.1577777777778,0
132,14.0,0
1108,3.3141666666667,0
270,119.0,0
1069,30489.0,0
1412,39366.027606662,0
692,4570409.0,0
1235,45.0,0
207,2.6186111111111,0
1423,29450.0,0
1391,0.82845188284519,0
1102,1.3122222222222,0
18,0.2341549651908,0
366,11292.0,0
719,86.0,0
473,7.0,0
1116,1.4458333333333,0
445,32061.999385522,0
595,100.0,0
655,11157.0,0
1192,2.6872222222222,0
267,49.0,0
1296,0.45222222222222,0
687,51.0,0
631,39.885906040268,0
1086,9243.0,0
650,2.0525,0
1000,463.0,0
1092,71.0,0
1312,54.0,0
444,21048.0,0
280,2523.0,0
1029,0.031388888888889,0
576,0.87272393825963,0
53,22896.0,0
219,1988.0,0
988,868.0,0
1381,0.07,0
205,2008.0,0
598,1.470612,0
542,246810.0,0
564,4.0,0
75,6837.0,0
976,506.0,0
1427,0.017222222222222,0
867,312.0,0
1415,0.17538076976137,0
386,3.4902777777778,0
1098,82.0,0
706,130.0,0
1272,0.051944444444444,0
1056,5223.0,0
1335,2274.0,0
930,8206.0,0
671,6.1616666666667,0
362,135.0,0
804,2.2866666666667,0
152,795.0,0
1217,10229.0,0
498,54529.0,0
1123,1.9575,0
529,9.0,0
1041,6702296.0,0
1403,83.0,0
322,78986.0,0
994,11.0,0
126,10.0,0
1385,11442.0,0
400,0.0,0
183,6771.0,0
1132,39.0,0
717,80.0,0
1192,12.0,0
401,0.68532582340543,0
539,247333.0,0
897,1194.0,0
603,35.0,0
573,1048.0,0
514,35.06895581199,0
245,0.71010956216269,0
1036,14.141576259935,0
836,2833.0,0
622,0.45,0
983,9029.0,0
605,3.1025,0
426,0.77722222222222,0
604,6844.0,0
403,0.019393939393939,0
362,5051685.0,0
137,298.0,0
398,0.25638888888889,0
1165,76.0,0
1113,21.0,0
1123,12143.0,0
657,263247.0,0
706,123845.0,0
981,4954.0,0
809,33425.62521176,0
17,61355.0,0
169,0.7599195715219,0
767,6.2319444444444,0
1297,0.0,0
1003,37.289749285941,0
1192,9.4422386342622,0
1331,1.4991666666667,0
238,15.0,0
1052,470.0,0
1123,4.0,0
319,0.041111111111111,0
1098,76.0,0
305,38.121234939759,0
394,0.0,0
1350,58463.0,0
533,74.0,0
546,1759.0,0
1357,1702.0,0
1404,48.0,0
89,2.7377777777778,0
941,37.001262279787,0
891,37.0,0
98,212.0,0
701,43.0,0
590,173.0,0
922,18.0,0
133,6.0563888888889,0
871,0.9886994082885,0
1392,8.7044903949354,0
555,3.0,0
170,0.041111111111111,0
914,0.87055674831737,0
550,2.0,0
1253,1801.0,0
698,12.719508669437,0
860,0.0,0
924,4173.0,0
1339,564.0,0
99,0.75398708324949,0
210,0.22968061507674,0
126,0.17444444444444,0
349,10.0,0
455,0.84455416116864,0
804,5.0,0
697,3538.0,0
308,0.9206198357143,0
1264,8039.0,0
719,1120.0,0
544,0.3775,0
759,33160.0,0
1085,176.0,0
331,2.2619444444444,0
265,11.329905827992,0
506,6.0,0
178,1180.0,0
389,8.8448154204153,0
1256,7059466.0,0
489,15.0,0
56,20312.0,0
569,8008.0,0
823,10141.0,0
398,0.0,0
331,4.0,0
730,79.0,0
1178,0.0,0
953,1.6558333333333,0
238,462.0,0
930,419.0,0
1249,179.0,0
887,37.668739921677,0
156,14425.0,0
512,4439.0,0
719,6.1613888888889,0
1056,0.024539877300613,0
852,160.0,0
23,2.0,0
115,265.0,0
1132,277.0,0
442,5.545,0
101,1127.0,0
196,106.0,0
50,637.0,0
8,1318.0,0
178,7.0,0
1093,11902.0,0
343,0.86758036174736,0
1286,2318.0,0
430,2.3402777777778,0
468,132.0,0
980,10788.0,0
415,0.28365513937304,0
1190,35.123644866435,0
38,176.0,0
136,116.0,0
155,9.5931965154438,0
69,0.90718489849559,0
1086,13.0,0
1222,3.0,0
258,12994.0,0
477,134259.0,0
616,71.0,0
1216,16.0,0
281,1365.0,0
1385,1283.0,0
74,13194.0,0
1166,214.0,0
339,34.0,0
857,17.0,0
128,21.0,0
248,14.0,0
378,9.0,0
1411,1.01,0
1359,0.86173469387755,0
198,79.0,0
659,13.082387665131,0
319,501.0,0
1185,87.0,0
90,2246.0,0
1242,0.96027777777778,0
210,9.0,0
1151,43.0,0
76,12.0,0
1033,12.151237346983,0
726,6835.0,0
120,0.0,0
519,16746.0,0
1354,84.0,0
1367,518822.0,0
772,0.0,0
288,7528.0,0
1349,9970.0,0
1004,0.98547529722733,0
1255,80.0,0
1043,11077.0,0
600,38930.528275373,0
1425,168.0,0
416,12965.0,0
326,14404.0,0
778,2.1247222222222,0
472,496.0,0
1302,2101.0,0
1152,4.0,0
1194,2146.0,0
657,4.0,0
503,61.0,0
453,9.0,0
898,14.0,0
854,18.0,0
660,0.78861111111111,0
849,15.23777497153,0
506,0.031159838430467,0
1247,67.0,0
94,11.0,0
940,44147.0,0
15,10.0,0
10,124515.0,0
118,14343.0,0
1334,1786.0,0
343,1.2336111111111,0
263,8.9429166498076,0
845,374.0,0
888,943.0,0
596,0.45861111111111,0
949,0.0,0
54,14190.0,0
405,1400.0,0
718,6.155,0
1204,36.0,0
1365,5226.0,0
997,151.0,0
272,16.317777777778,0
386,283.0,0
56,40.0,0
194,144.0,0
500,15.0,0
979,5745.0,0
755,206.0,0
1234,30.0,0
203,19628.0,0
454,6.0508333333333,0
1076,282.0,0
118,3.0,0
704,0.028611111111111,0
25,0.044851006319212,0
129,35.0,0
413,3965.0,0
394,2321.0,0
759,183.0,0
84,2.0,0
294,1.488892,0
1241,548.0,0
1279,10261.0,0
546,1.9469444444444,0
626,0.0,0
844,23.0,0
1265,0.86194444444444,0
574,0.46777777777778,0
815,4636.0,0
1442,3.3377777777778,0
764,603.0,0
588,52.0,0
506,144.0,0
216,33607.0,0
569,396.0,0
1234,11459.0,0
1184,0.67072502141725,0
383,29.0,0
218,304.0,0
1380,8274.0,0
707,41.0,0
666,1.7930555555556,0
1061,166.0,0
1155,0.0375,0
201,5.5094444444444,0
388,9365.0,0
1298,5197336.0,0
50,1.0938888888889,0
353,135.0,0
879,1641.0,0
871,129210.0,0
183,6892992.0,0
1375,73.0,0
933,622910.0,0
63,12.0,0
1352,88.0,0
179,1328.0,0
251,187.0,0
635,5.5222222222222,0
147,0.96411576822106,0
1064,61.0,0
981,0.0,0
764,632.0,0
914,1413.0,0
57,34.0,0
237,502.0,0
9,32895.189726551,0
1433,117186.0,0
694,1.4622222222222,0
1248,686683.0,0
649,0.029154518950437,0
954,34933.838304594,0
142,46.0,0
601,38.495890541118,0
433,8.8749571291351,0
268,3.3169444444444,0
94,0.0,0
399,32173.790113997,0
1310,4473.0,0
335,1.1611111111111,0
284,0.030833333333333,0
36,170.0,0
484,19425.0,0
734,7.0,0
931,9.0,0
1083,902.0,0
431,8.9918722525944,0
1343,120.0,0
362,15.527019862369,0
534,16.308127911955,0
301,1.4819444444444,0
1008,81.0,0
1435,0.42138888888889,0
1075,11.0,0
324,12.633583798638,0
930,545.0,0
642,1.525254,0
1289,456.0,0
1279,8.0,0
689,103.0,0
364,9043.0,0
1259,0.75519558162483,0
873,1620.0,0
1162,104.0,0
446,245.0,0
958,63.0,0
1335,0.11905908868379,0
688,153.0,0
348,24.0,0
1369,112.0,0
1358,113.0,0
740,73410.0,0
508,1.0,0
834,20554.0,0
313,1.0702777777778,0
1413,41.0,0
1366,272.0,0
456,2978.0,0
996,33397.896150192,0
847,6197425.0,0
956,3.0,0
640,2.6633333333333,0
706,8986.0,0
542,0.53888888888889,0
687,160.0,0
962,4316315.0,0
709,67.0,0
1036,93.0,0
822,32.0,0
518,0.29277777777778,0
1411,575624.0,0
80,164.0,0
599,2.0,0
1211,12219.0,0
576,2.0,0
298,5.0,0
531,263.0,0
1404,65.0,0
1199,7179.0,0
571,0.13,0
314,4.0,0
889,31678.0,0
1219,0.8184923464123,0
915,68.0,0
1344,11430.0,0
1037,0.17472222222222,0
499,44624.0,0
767,10015.0,0
1004,43.0,0
492,1.3169444444444,0
270,192.0,0
674,1139.0,0
750,13.651213985547,0
337,2.0,0
1359,0.08,0
703,1.0,0
631,83.0,0
33,0.0,0
909,0.42916666666667,0
1194,1046.0,0
559,68.0,0
1427,12.0,0
1361,11.0,0
662,614.0,0
404,176.0,0
629,10211.0,0
1076,0.42111111111111,0
900,27869.0,0
340,0.66,0
1062,36.953895071542,0
526,176.0,0
141,735.0,0
127,14.546737821565,0
433,3637.0,0
806,68.0,0
108,515.0,0
1373,0.99361111111111,0
768,7202.0,0
179,2593.0,0
958,343.0,0
1333,4347.0,0
271,1024.0,0
1145,12282.0,0
37,12.780187866157,0
947,238737.0,0
669,0.029722222222222,0
15,15478.0,0
665,5.0,0
758,4049.0,0
129,367.0,0
530,38.0,0
23,975.0,0
339,67.0,0
768,638420.0,0
1291,79.0,0
712,349.0,0
1347,27.0,0
484,0.0,0
1247,48.0,0
1273,5.4997222222222,0
851,11915.0,0
741,0.0,0
1037,0.93722222222222,0
326,106.0,0
368,33.0,0
1066,118.0,0
512,34.0,0
424,0.0,0
1054,3.0,0
870,5595.0,0
1087,80.0,0
1235,252.0,0
1378,1.3758333333333,0
921,266.0,0
842,444.0,0
524,5166.0,0
65,6.0,0
1247,1.2527777777778,0
70,571.0,0
32,108.0,0
442,9057.0,0
76,115.0,0
939,1537.0,0
1323,50.0,0
951,0.022044088176353,0
178,19319.0,0
867,5.5763888888889,0
975,562.0,0
977,36.748957999359,0
681,0.05,0
591,45.0,0
405,12804.0,0
424,5478.0,0
180,2.335,0
845,521043.0,0
1423,15.789778544563,0
105,6517837.0,0
1051,22.0,0
976,2689.0,0
1239,20330.0,0
709,2.4027777777778,0
802,0.05,0
947,592.0,0
1309,94.0,0
278,232.0,0
383,0.74750566191417,0
1039,19698.0,0
207,0.058680009072634,0
126,2073.0,0
1246,0.0,0
746,7233.0,0
970,0.24638888888889,0
528,0.038333333333333,0
240,2018.0,0
977,12.0,0
1365,36.347479534683,0
980,0.032222222222222,0
1265,0.014722222222222,0
1258,0.030555555555556,0
466,22.0,0
1124,2.11,0
481,96.0,0
375,87.0,0
471,7.0,0
763,33.0,0
1023,14.0,0
565,109.0,0
130,2.2763888888889,0
475,6.1394444444444,0
776,4272.0,0
1110,12.0,0
237,4663664.0,0
673,11509.0,0
500,1060.0,0
1133,0.63505096122288,0
127,2076.0,0
349,107.0,0
27,1.9586111111111,0
411,1.4227777777778,0
406,9.079528304009,0
150,19521.0,0
204,15.859837827905,0
1149,37.162781227731,0
269,0.25956279587859,0
1190,22.0,0
542,8546.0,0
1076,38006.772215488,0
869,4873.0,0
153,56.0,0
1004,3.0,0
421,165.0,0
1328,2065.0,0
1254,3.0,0
756,9.5812368576584,0
593,16.363841366961,0
612,121551.0,0
763,0.08011943311413,0
793,28.0,0
860,292.0,0
1116,8.0,0
22,0.52222222222222,0
167,1.422813,0
513,1.0,0
492,813.0,0
574,2.0,0
102,68464.0,0
1269,0.0,0
368,43.0,0
398,6.0,0
1305,72272.0,0
22,1462.0,0
492,0.64263287555187,0
679,2.0,0
1160,90.0,0
358,1078.0,0
1316,5.5822222222222,0
442,62.0,0
865,495.0,0
648,132696.0,0
392,0.08993433499951,0
1423,10709.0,0
93,2780.0,0
1016,186.0,0
442,37.0,0
613,250.0,0
662,2.0,0
929,16.0,0
221,6506.0,0
325,1.7722222222222,0
429,17.0,0
619,201.0,0
209,0.04038577456299,0
912,3022.0,0
1094,49.0,0
673,7416.0,0
263,56083.0,0
1357,501.0,0
981,25978.0,0
641,9.1709492667478,0
1054,472.0,0
205,1237.0,0
557,111.0,0
29,184.0,0
650,792.0,0
871,710.0,0
1005,1165.0,0
856,105.0,0
1318,1.8925,0
379,2.0,0
311,30.0,0
736,82.0,0
437,12.966286681838,0
563,60.0,0
686,6.0183333333333,0
87,2.8636111111111,0
785,542.0,0
661,4401.0,0
360,57.0,0
943,113267.0,0
684,7.3288402410073,0
1363,94.0,0
524,34484.82940392,0
412,0.045,0
245,17776.0,0
618,9.5106091843148,0
794,36.809787412197,0
984,4.0,0
1286,16.0,0
632,37.196217863562,0
1015,793.0,0
469,0.0097222222222222,0
1370,37.805711881344,0
312,36.0,0
39,0.069688744272108,0
921,0.0,0
988,41.0,0
977,2695.0,0
4,68.0,0
777,242.0,0
825,14.0,0
551,3909.0,0
1070,0.29,0
1264,3264.0,0
398,0.0058333333333333,0
1310,10.0,0
1426,326.0,0
1215,22.0,0
155,12.0,0
950,239.0,0
1015,9957.0,0
1228,844.0,0
711,23.0,0
1357,105.0,0
661,9.0246514174576,0
378,14.6525332032,0
1356,0.83747337514862,0
138,384.0,0
895,1633.0,0
1206,48.0,0
1059,527882.0,0
552,9.0,0
843,21.0,0
990,1565.0,0
439,24.0,0
1233,60.0,0
266,39.0,0
732,0.0,0
910,695.0,0
872,590.0,0
821,159.0,0
101,1728.0,0
1308,9.0016333491838,0
336,37.170044375315,0
447,22.0,0
892,77.0,0
1015,76.0,0
245,50205.0,0
343,0.14509169704095,0
539,0.064174002348993,0
270,11310.0,0
611,2.3052777777778,0
1008,9.0,0
987,20630.0,0
1165,1964.0,0
1277,5.4819444444444,0
874,0.57106498845756,0
226,10296.0,0
741,0.0,0
966,8191.0,0
1239,264.0,0
152,213.0,0
1410,11368.0,0
1340,39084.0,0
969,0.062006969698131,0
503,30.0,0
1155,0.024581173073578,0
628,14.011337099812,0
1382,121007.0,0
402,1.354925,0
758,65512.0,0
1070,88.0,0
1342,26.0,0
1047,10.0,0
1261,10752.0,0
67,42729.0,0
200,203.0,0
831,842.0,0
113,52.0,0
1312,2901.0,0
726,511.0,0
1422,11873.0,0
98,0.036882807852469,0
294,8862.0,0
1093,0.031151045483539,0
744,0.03306342780027,0
368,9394.0,0
91,5552571.0,0
1083,35.633372989189,0
1007,2.0,0
873,105.0,0
10,0.11848601206802,0
198,2482.0,0
525,7007.0,0
1234,142.0,0
909,2768.0,0
1177,17.0,0
905,0.0,0
940,144.0,0
279,189.0,0
1407,1566.0,0
175,1.394237,0
792,99.0,0
783,0.0,0
404,67.0,0
289,13009.0,0
271,0.80683935628689,0
860,105.0,0
319,16.318340315531,0
485,8582.0,0
89,72.0,0
774,0.60039683072111,0
921,11218.0,0
201,18.0,0
104,245.0,0
382,0.51194444444444,0
486,16.0,0
434,0.043055555555556,0
416,3.0,0
270,9.1843121700156,0
836,616429.0,0
170,59.0,0
357,57.0,0
734,9.8641125572653,0
510,46.0,0
1259,0.27416666666667,0
980,3.1258333333333,0
580,0.086129850619071,0
922,1480.0,0
916,243.0,0
1410,0.5206365725047,0
981,44.0,0
234,8531.0,0
632,0.035005834305718,0
1312,1468.0,0
330,0.033663366336634,0
759,3.0,0
1026,32769.468777658,0
475,82.0,0
202,134862.0,0
861,9397.0,0
1033,29187.0,0
220,0.050463439752832,0
1315,0.81333333333333,0
1030,77.0,0
658,13999.0,0
93,9.8361111111111,0
289,7238.0,0
192,0.86497352071793,0
624,8584.0,0
1133,10.0,0
1140,0.69729818831124,0
612,0.75489042015719,0
210,5.0,0
580,7.0,0
1264,100.0,0
935,615024.0,0
736,6.0591666666667,0
97,37.399482077143,0
542,0.74217330871216,0
239,6.1747222222222,0
918,90.0,0
860,0.43222222222222,0
466,1199.0,0
1392,3.6075,0
1064,6759.0,0
187,425.0,0
1060,19.0,0
1227,274.0,0
182,9601.0,0
533,0.0,0
270,16.0,0
481,12450.0,0
1331,13.251810514346,0
965,37.033922063359,0
301,32642.0,0
1367,16.0,0
794,11.951277574344,0
639,12925.0,0
990,110.0,0
646,2887.0,0
222,482.0,0
208,22.0,0
280,707.0,0
905,0.31305555555556,0
989,5.0,0
426,12839.0,0
348,5.0,0
1396,502217.0,0
1332,10598.0,0
754,4.0,0
250,15280.0,0
522,87.0,0
93,652004.0,0
1167,22.0,0
967,11294.0,0
1267,42.0,0
1059,6284539.0,0
584,68357.0,0
145,27.0,0
101,485.0,0
485,12.224565141324,0
251,583.0,0
229,1.31,0
464,144.0,0
1267,39404.0,0
1309,34.212806174687,0
486,15.257230104782,0
1392,11000.0,0
1367,31428.0,0
1092,33675.883409331,0
251,1.5058333333333,0
440,3164.0,0
47,0.087719298245614,0
1223,9227.0,0
554,689.0,0
736,0.65423587492768,0
1437,9118.0,0
259,21.0,0
31,0.195,0
1124,56.0,0
534,111.0,0
237,10.0,0
84,36.555912826009,0
629,0.0,0
1439,36.905667554203,0
647,10214.0,0
892,1839.0,0
744,3941340.0,0
354,8.9719525087995,0
442,1657.0,0
1281,17497.0,0
1183,8.9345720629957,0
776,0.67217200368065,0
880,6496747.0,0
321,18790.0,0
293,9092.0,0
73,7.0,0
242,12.0,0
713,35.30163599182,0
325,505.0,0
664,0.72166666666667,0
180,5.6722222222222,0
102,13636.0,0
365,3.0013888888889,0
195,34.0,0
1065,6949.0,0
397,6907671.0,0
784,472.0,0
1204,691.0,0
1236,28.0,0
1023,1.5522222222222,0
970,2246.0,0
220,0.2175,0
74,4527.0,0
1315,16.0,0
408,8946.0,0
1306,10030.0,0
220,50.0,0
1297,9535.0,0
132,0.95990052394557,0
714,1749.0,0
1346,119.0,0
728,130.0,0
1010,457.0,0
936,0.4225,0
637,268055.0,0
1252,1836.0,0
260,12.0,0
1173,7.0,0
668,429.0,0
979,2935.0,0
492,0.8600885178585,0
99,47211.0,0
638,0.89450241101192,0
1164,9947.0,0
995,1403.0,0
447,8.0,0
301,1.7125,0
42,32.0,0
987,0.79459777254169,0
192,1821.0,0
786,1.670103,0
1280,3341.0,1
1403,812.0,1
1404,2425.0,1
1405,2188.0,1
1406,1233.0,1
1407,1592.0,1
1350,12.019444444444,1
1351,3.0422222222222,1
1352,45.523333333333,1
1387,5157.0,1
1399,4688.0,1
1419,7665.0,1
1420,5781.0,1
1421,12673.0,1
1416,18112.0,1
1417,25471.0,1
1418,32885.0,1
1419,40070.0,1
1420,49130.0,1
1421,52818.0,1
1422,58121.0,1
1423,63889.0,1
1424,72214.0,1
1425,77527.0,1
1426,86245.0,1
1427,204921.0,1
1428,300544.0,1
1429,279877.0,1
1430,258526.0,1
1431,243275.0,1
1432,176527.0,1
1433,32468.0,1
1434,13226.0,1
1432,160.0,1
1433,274.0,1
1434,257.0,1
1435,256.0,1
1436,275.0,1
1437,272.0,1
1438,421.0,1
1439,379.0,1
600,219.0,1
1019,202.0,1
1020,467.0,1
1207,1141.0,1
1307,7.0,1
241,2.0,1
242,6.0,1
243,20.0,1
244,14.0,1
245,11.0,1
246,11.0,1
247,15.0,1
248,9.0,1
249,5.0,1
250,13.0,1
251,13.0,1
252,34.0,1
253,26.0,1
254,8.0,1
255,11.0,1
256,18.0,1
257,31.0,1
258,22.0,1
259,11.0,1
260,16.0,1
261,6.0,1
262,3.0,1
263,0.0,1
1323,273.0,1
1324,571.0,1
1325,586.0,1
1326,581.0,1
1327,536.0,1
1328,565.0,1
1329,564.0,1
1330,626.0,1
1331,642.0,1
1332,577.0,1
1333,616.0,1
1334,508.0,1
1335,509.0,1
1336,475.0,1
1337,344.0,1
1338,330.0,1
1339,250.0,1
1340,192.0,1
1341,126.0,1
1342,108.0,1
1343,149.0,1
1344,256.0,1
1345,410.0,1
1393,978.0,1
1394,1130.0,1
1395,1131.0,1
1396,1262.0,1
1397,1320.0,1
1398,1275.0,1
1399,1455.0,1
1400,1535.0,1
1401,1487.0,1
1402,1413.0,1
1403,1519.0,1
1404,1287.0,1
1405,1435.0,1
1406,1151.0,1
1407,1057.0,1
1361,51251.0,1
1362,17953.0,1
1363,170029.0,1
1427,36705.0,1
1428,15091.0,1
1429,13509.0,1
1430,20628.0,1
1431,35399.0,1
1432,84250.0,1
1433,117800.0,1
1434,153159.0,1
1435,108454.0,1
1436,37714.0,1
1437,27883.0,1
1438,31215.0,1
1439,46988.0,1
592,2930.0,1
593,2168.0,1
594,1971.0,1
595,3181.0,1
600,3138.0,1
1014,4535.0,1
1015,6816.0,1
1019,2649.0,1
1020,5679.0,1
1307,152.0,1
1434,989.0,1
1435,234.0,1
1079,21.0,1
1080,16.0,1
1081,9.0,1
1082,2.0,1
1083,1.0,1
1084,3.0,1
1085,6.0,1
1087,12.0,1
1088,15.0,1
1089,11.0,1
1090,14.0,1
1091,14.0,1
1092,12.0,1
1093,10.0,1
1094,3.0,1
1095,5.0,1
1096,5.0,1
1097,12.0,1
1098,5.0,1
1099,5.0,1
1100,3.0,1
1101,5.0,1
1102,4.0,1
1103,4.0,1
1104,1.0,1
1105,1.0,1
1106,2.0,1
1107,1.0,1
1108,5.0,1
1109,5.0,1
1111,11.0,1
1112,7.0,1
1113,6.0,1
1114,4.0,1
1115,14.0,1
1116,9.0,1
1117,8.0,1
1118,4.0,1
1119,2.0,1
1120,4.0,1
1121,3.0,1
1122,6.0,1
1123,0.0,1
1124,4.0,1
1125,2.0,1
1126,1.0,1
1127,0.0,1
1128,0.0,1
1129,1.0,1
1130,0.0,1
1131,1.0,1
1132,3.0,1
1133,5.0,1
1134,0.0,1
1135,4.0,1
1136,2.0,1
1138,7.0,1
1139,6.0,1
1140,5.0,1
1141,10.0,1
1142,10.0,1
1143,5.0,1
1144,10.0,1
1145,7.0,1
1146,7.0,1
1147,10.0,1
1148,4.0,1
1149,2.0,1
1150,5.0,1
1151,3.0,1
1152,7.0,1
1153,5.0,1
1154,5.0,1
1155,13.0,1
1157,23.0,1
600,654.0,1
1019,5117.0,1
1242,57503.0,1
1243,53454.0,1
1244,49810.0,1
1245,47563.0,1
1307,246.0,1
1004,2277.0,1
1307,8.0,1
422,0.08,1
423,0.017083333333333,1
424,0.011666666666667,1
120,179.0,1
1434,989.0,1
1435,234.0,1
1393,393.0,1
1394,600.0,1
1395,570.0,1
1396,593.0,1
1397,582.0,1
1398,593.0,1
1399,606.0,1
1400,557.0,1
1401,570.0,1
1402,549.0,1
1403,522.0,1
1404,517.0,1
1405,520.0,1
1406,620.0,1
1407,624.0,1
1408,523.0,1
1409,470.0,1
1410,558.0,1
1411,545.0,1
1412,710.0,1
1413,700.0,1
1414,645.0,1
1415,639.0,1
1416,650.0,1
1417,699.0,1
1418,752.0,1
1419,782.0,1
1420,754.0,1
1421,632.0,1
1422,518.0,1
1423,652.0,1
1424,638.0,1
1425,693.0,1
1426,603.0,1
1427,540.0,1
1428,691.0,1
1429,673.0,1
1430,693.0,1
1431,735.0,1
1432,640.0,1
1433,559.0,1
1434,625.0,1
1435,664.0,1
1385,2287.0,1
1386,12486.0,1
1395,8503.0,1
1396,9672.0,1
1397,8663.0,1
1398,10004.0,1
1399,9056.0,1
1400,5045.0,1
1402,5040.0,1
1403,5201.0,1
1404,4128.0,1
1405,10084.0,1
1406,3995.0,1
1408,5378.0,1
1409,9011.0,1
1410,9943.0,1
1411,2241.0,1
1418,9691.0,1
1419,6742.0,1
1420,8836.0,1
1421,6509.0,1
1422,9414.0,1
1423,6657.0,1
360,52179.0,1
779,37998.0,1
780,8792.0,1
1067,1059.0,1
1070,89188.0,1
1071,89397.0,1
1248,63961.0,1
1222,0.64329268292683,1
1223,1.0,1
1224,1.0,1
1225,1.0,1
1226,1.0,1
1227,1.0,1
1228,1.0,1
1229,1.0,1
1230,1.0,1
1231,1.0,1
1232,1.0,1
1233,1.0,1
1234,1.0,1
1235,1.0,1
1236,1.0,1
1237,1.0,1
1238,1.0,1
1239,1.0,1
1240,1.0,1
1241,1.0,1
1242,1.0,1
1243,1.0,1
1244,1.0,1
1291,0.99011299435028,1
1292,0.8272656855151,1
1293,0.82262773722628,1
1294,0.82806759735489,1
1295,0.86881335718545,1
1296,0.86634844868735,1
1297,0.86865342163355,1
1298,0.8883696780893,1
1299,0.88894681960375,1
1300,0.86405959031657,1
1301,0.88467785598267,1
1302,0.89214659685864,1
1303,0.88648648648649,1
1304,0.8802781917536,1
1305,0.88061797752809,1
1306,0.89546263345196,1
1307,0.57142857142857,1
1308,0.88574126534466,1
1309,0.88042474607572,1
1310,0.87349128296826,1
1311,0.87561214495593,1
1312,0.84659746251442,1
1313,0.8458230958231,1
1314,0.84089370345295,1
143,19709.0,1
144,20679.0,1
145,16587.0,1
974,17681.0,1
975,22448.0,1
976,23928.0,1
1432,19180.0,1
1433,26795.0,1
1434,24238.0,1
1435,23181.0,1
1436,20446.0,1
1437,16193.0,1
515,16385.0,1
516,83955.0,1
1205,342.0,1
1206,336.0,1
1207,308.0,1
1208,326.0,1
1209,327.0,1
1210,330.0,1
1211,340.0,1
1212,325.0,1
1213,315.0,1
1214,332.0,1
1215,328.0,1
1216,327.0,1
1217,313.0,1
1218,328.0,1
1219,331.0,1
1220,323.0,1
1221,322.0,1
1222,331.0,1
1223,322.0,1
1224,328.0,1
1225,320.0,1
1226,322.0,1
1227,337.0,1
1228,333.0,1
1229,323.0,1
1230,332.0,1
1231,351.0,1
1232,329.0,1
1233,329.0,1
1234,339.0,1
1235,105.0,1
1421,494.0,1
1422,340.0,1
1423,663.0,1
143,20238.0,1
144,21157.0,1
974,18103.0,1
975,22865.0,1
976,24351.0,1
1432,19507.0,1
1433,27192.0,1
1434,24690.0,1
1435,23589.0,1
1436,20833.0,1
769,3801.0,1
770,10052.0,1
771,7957.0,1
772,11876.0,1
773,9763.0,1
774,9234.0,1
775,9707.0,1
776,9691.0,1
777,9901.0,1
778,8766.0,1
779,8226.0,1
780,6642.0,1
781,6527.0,1
782,7639.0,1
783,8059.0,1
784,9109.0,1
785,9303.0,1
786,6637.0,1
787,5152.0,1
788,4207.0,1
789,3714.0,1
790,4918.0,1
791,5461.0,1
792,4645.0,1
793,5003.0,1
794,6459.0,1
795,7080.0,1
796,6940.0,1
797,6409.0,1
798,6870.0,1
799,7967.0,1
800,8079.0,1
801,7653.0,1
802,7002.0,1
803,5970.0,1
804,6509.0,1
805,5859.0,1
806,6248.0,1
807,6157.0,1
808,6568.0,1
809,6185.0,1
810,6384.0,1
811,6629.0,1
812,4792.0,1
813,2077.0,1
814,1475.0,1
815,1745.0,1
816,2425.0,1
817,3086.0,1
818,4078.0,1
819,5615.0,1
820,6340.0,1
821,6842.0,1
822,6414.0,1
823,8361.0,1
824,8249.0,1
825,8083.0,1
826,7905.0,1
827,7854.0,1
828,7319.0,1
829,7276.0,1
830,8980.0,1
831,8702.0,1
832,9940.0,1
833,10294.0,1
834,10087.0,1
835,6025.0,1
836,4701.0,1
837,3697.0,1
838,3541.0,1
839,3237.0,1
840,3376.0,1
841,4521.0,1
842,6252.0,1
843,7906.0,1
844,8499.0,1
845,11254.0,1
846,8958.0,1
847,9950.0,1
848,8884.0,1
849,8004.0,1
850,8672.0,1
851,8310.0,1
852,8700.0,1
853,7247.0,1
854,8441.0,1
855,9429.0,1
856,8991.0,1
857,9270.0,1
858,7905.0,1
859,4707.0,1
860,2817.0,1
861,2078.0,1
862,2221.0,1
863,2396.0,1
864,1211.0,1
865,4352.0,1
866,5991.0,1
867,7604.0,1
868,8455.0,1
869,8724.0,1
870,8710.0,1
871,9342.0,1
872,7950.0,1
873,7235.0,1
874,7694.0,1
875,8690.0,1
876,7037.0,1
877,7431.0,1
878,6958.0,1
879,7176.0,1
880,7447.0,1
881,6909.0,1
882,5768.0,1
1012,2704.0,1
1013,7238.0,1
1014,8297.0,1
1015,8279.0,1
1016,7074.0,1
1017,7251.0,1
1018,6663.0,1
1019,7675.0,1
1020,7302.0,1
1021,8262.0,1
1022,8633.0,1
1023,10384.0,1
1024,10982.0,1
1025,9014.0,1
1026,10649.0,1
1027,9058.0,1
1028,4932.0,1
1029,2869.0,1
1030,1597.0,1
1031,1856.0,1
1032,2243.0,1
1033,2735.0,1
1034,2412.0,1
1035,2845.0,1
1036,1748.0,1
1037,2874.0,1
1038,7174.0,1
1039,6290.0,1
1040,6741.0,1
1041,7108.0,1
1042,7791.0,1
1043,9632.0,1
1044,10924.0,1
1045,10994.0,1
1046,4217.0,1
1347,4408.0,1
1348,8059.0,1
1349,9691.0,1
1350,8507.0,1
1351,9995.0,1
1352,9474.0,1
1353,8957.0,1
1354,9396.0,1
1355,9752.0,1
1356,9805.0,1
1357,12289.0,1
1358,9577.0,1
1359,12285.0,1
1360,12367.0,1
1361,12090.0,1
1362,10311.0,1
1363,7445.0,1
1364,5886.0,1
1365,4568.0,1
1366,4187.0,1
1367,4563.0,1
1368,4382.0,1
1369,5346.0,1
1370,6119.0,1
1371,6259.0,1
1372,6680.0,1
1373,7762.0,1
1374,8640.0,1
1375,10883.0,1
1376,11130.0,1
1377,12215.0,1
1378,12584.0,1
1379,14353.0,1
1380,12588.0,1
1381,13607.0,1
1382,12006.0,1
1383,10895.0,1
1384,9605.0,1
1385,7443.0,1
1386,6154.0,1
1387,5170.0,1
1388,5796.0,1
1389,4373.0,1
1390,1791.0,1
1391,1670.0,1
1392,1820.0,1
1393,2320.0,1
1394,3337.0,1
1395,3401.0,1
1396,3044.0,1
1397,3165.0,1
1398,4117.0,1
1399,3418.0,1
1400,2540.0,1
1401,3907.0,1
1402,3912.0,1
1403,4947.0,1
1404,4763.0,1
1405,3771.0,1
1406,3877.0,1
1407,4736.0,1
1408,3874.0,1
1409,3901.0,1
1410,4168.0,1
1411,2576.0,1
1412,2042.0,1
1413,1383.0,1
1414,1194.0,1
1415,1344.0,1
1416,1391.0,1
1417,1522.0,1
1418,2347.0,1
1419,2203.0,1
1420,2961.0,1
1421,4302.0,1
1422,3380.0,1
1423,3688.0,1
1424,3889.0,1
1314,1422.0,1
1315,1582.0,1
1316,2306.0,1
1317,1095.0,1
1325,1398.0,1
1326,1807.0,1
1327,1277.0,1
1329,1065.0,1
1330,1065.0,1
1331,1505.0,1
1341,1859.0,1
1347,1.0,1
1348,6.0,1
1411,1152.0,1
1412,1761.0,1
1413,1666.0,1
1414,1283.0,1
1415,1917.0,1
1416,2191.0,1
1417,1993.0,1
1418,1515.0,1
1427,12.430010361211,1
1428,13.062524659884,1
1429,13.623981074644,1
1430,13.250437328799,1
1431,13.371388404763,1
1432,13.518553052734,1
1433,14.080839527452,1
1434,14.460024531326,1
1435,14.126151574584,1
1436,14.408046471276,1
1437,14.185176196077,1
1438,14.256168468535,1
1439,14.187112466454,1
1432,21.905099744806,1
1433,18.535301682825,1
1434,21.679475896201,1
1435,23.526565139442,1
1436,20.647310519015,1
1437,22.200326283222,1
1438,21.704851085636,1
1439,22.575660539703,1
360,1817.0,1
361,1483.0,1
362,1293.0,1
363,1258.0,1
364,1229.0,1
365,1861.0,1
366,1500.0,1
367,1595.0,1
368,1440.0,1
369,1301.0,1
370,950.0,1
371,889.0,1
372,733.0,1
373,792.0,1
374,617.0,1
375,576.0,1
376,658.0,1
377,700.0,1
378,530.0,1
379,525.0,1
380,429.0,1
381,409.0,1
382,389.0,1
383,305.0,1
349,10878.0,1
350,4210.0,1
448,3.9380555555556,1
449,5.6463888888889,1
457,2.0788888888889,1
458,2.5347222222222,1
459,2.7016666666667,1
844,3.9822222222222,1
1208,5.6461111111111,1
1209,10.452777777778,1
1210,4.2377777777778,1
1211,3.1922222222222,1
1212,2.4441666666667,1
1455,2.1358333333333,1
1456,2.3544444444444,1
1457,2.6805555555556,1
1458,3.0638888888889,1
1459,2.4627777777778,1
1222,1266.0,1
1223,2615.0,1
1224,2315.0,1
1225,2341.0,1
1226,2153.0,1
1227,2125.0,1
1228,2242.0,1
1229,2089.0,1
1230,2143.0,1
1231,2322.0,1
1232,2201.0,1
1233,2076.0,1
1234,2135.0,1
1235,2310.0,1
1236,2510.0,1
1237,2391.0,1
1238,2330.0,1
1239,2113.0,1
1240,1949.0,1
1241,1641.0,1
1242,1534.0,1
1243,1551.0,1
1244,1501.0,1
1307,4.0,1
588,114.0,1
589,192.0,1
590,254.0,1
591,210.0,1
592,176.0,1
593,278.0,1
594,116.0,1
595,242.0,1
596,188.0,1
597,248.0,1
598,184.0,1
599,228.0,1
600,288.0,1
601,64.0,1
602,76.0,1
603,148.0,1
604,186.0,1
605,212.0,1
606,130.0,1
607,112.0,1
608,40.0,1
609,100.0,1
610,146.0,1
1441,882.0,1
1215,0.45868581620054,1
1217,0.78712658620127,1
573,3.135,1
1452,3.1080555555556,1
1453,3.5916666666667,1
1454,3.8722222222222,1
1455,4.2894444444444,1
1456,4.7275,1
1457,5.0722222222222,1
1458,5.6677777777778,1
1459,4.8544444444444,1
222,1247.0,1
1201,1594.0,1
1215,1954.0,1
575,5.3302777777778,1
1448,9.1105555555556,1
1449,7.865,1
1450,8.0333333333333,1
1451,7.9955555555556,1
1452,8.0561111111111,1
1453,9.65,1
1454,11.584166666667,1
1455,13.531388888889,1
1456,14.388333333333,1
1457,15.548055555556,1
1458,15.743611111111,1
1459,17.304722222222,1
1460,18.853055555556,1
1461,14.938888888889,1
359,3734003.0,1
360,279978.0,1
779,993206.0,1
780,2103049.0,1
1067,53235.0,1
1245,4184836.0,1
1246,4831531.0,1
1247,4712389.0,1
1248,1425385.0,1
1249,4737033.0,1
1250,4097880.0,1
55,0.0,1
56,0.0,1
177,24.117109227872,1
178,23.982749042146,1
1126,32.0,1
1127,22.0,1
1128,21.0,1
1129,36.0,1
1130,13.0,1
1131,5.0,1
1132,2.0,1
1133,10.0,1
1134,3.0,1
1135,5.0,1
1136,4.0,1
1137,4.0,1
1138,6.0,1
1139,7.0,1
1140,9.0,1
1141,14.0,1
1142,13.0,1
1143,7.0,1
1144,5.0,1
1145,6.0,1
1146,4.0,1
1147,2.0,1
1148,3.0,1
1149,1.0,1
1150,4.0,1
1151,1.0,1
1152,2.0,1
1153,0.0,1
1154,0.0,1
1155,7.0,1
1156,0.0,1
1157,0.0,1
1158,2.0,1
1159,3.0,1
1160,0.0,1
1161,4.0,1
1162,3.0,1
1163,6.0,1
1164,1.0,1
1165,3.0,1
1166,4.0,1
1167,2.0,1
1168,4.0,1
1169,7.0,1
1170,3.0,1
1171,2.0,1
1172,2.0,1
1173,9.0,1
1174,6.0,1
1175,2.0,1
1176,1.0,1
1177,4.0,1
1178,1.0,1
1179,1.0,1
1180,2.0,1
1181,3.0,1
1182,0.0,1
1183,0.0,1
1184,1.0,1
1185,2.0,1
1186,1.0,1
1187,1.0,1
1188,1.0,1
1189,4.0,1
1190,2.0,1
1191,6.0,1
1192,6.0,1
1193,1.0,1
1194,4.0,1
1195,7.0,1
1196,10.0,1
1197,5.0,1
1198,6.0,1
1199,8.0,1
1200,6.0,1
1201,3.0,1
1202,12.0,1
1203,6.0,1
1204,39.0,1
1307,5.0,1
422,0.7869696969697,1
423,0.8,1
424,1.2718055555556,1
425,1.7436111111111,1
606,3.3,1
360,6067.0,1
885,1873.0,1
886,850.0,1
887,716.0,1
888,785.0,1
889,1104.0,1
890,689.0,1
891,230.0,1
892,242.0,1
893,233.0,1
894,248.0,1
895,240.0,1
896,246.0,1
897,221.0,1
898,200.0,1
899,149.0,1
900,163.0,1
901,132.0,1
902,168.0,1
903,110.0,1
904,73.0,1
905,35.0,1
906,34.0,1
907,37.0,1
908,53.0,1
909,63.0,1
910,60.0,1
911,64.0,1
912,56.0,1
913,63.0,1
914,54.0,1
915,71.0,1
916,73.0,1
917,54.0,1
918,70.0,1
919,75.0,1
920,57.0,1
921,68.0,1
922,71.0,1
923,38.0,1
924,33.0,1
925,46.0,1
926,34.0,1
927,21.0,1
928,26.0,1
929,30.0,1
930,40.0,1
931,41.0,1
932,54.0,1
933,67.0,1
934,81.0,1
935,69.0,1
936,82.0,1
937,74.0,1
938,82.0,1
939,78.0,1
940,66.0,1
941,73.0,1
942,62.0,1
943,109.0,1
944,104.0,1
945,76.0,1
946,60.0,1
947,68.0,1
948,56.0,1
949,45.0,1
950,41.0,1
951,44.0,1
952,43.0,1
953,47.0,1
954,51.0,1
955,50.0,1
956,131.0,1
957,277.0,1
958,307.0,1
959,304.0,1
960,391.0,1
961,435.0,1
962,221.0,1
963,219.0,1
1067,232.0,1
1248,5839.0,1
542,0.37,1
543,0.36,1
544,0.35,1
545,0.33,1
546,0.3,1
547,0.28,1
548,0.24,1
549,0.22,1
550,0.2,1
551,0.16,1
552,0.14,1
553,0.15,1
554,0.14,1
555,0.13,1
556,0.13,1
557,0.14,1
558,0.11,1
559,0.1,1
560,0.08,1
561,0.06,1
562,0.05,1
563,0.06,1
564,0.08,1
565,0.1,1
1173,3.85,1
1174,1.53,1
1279,0.53,1
1280,0.59,1
1281,0.63,1
1282,0.55,1
1283,0.62,1
1284,0.6,1
1285,0.41,1
964,10297.0,1
1067,202.0,1
1248,3487.0,1
1433,20760.0,1
1434,21033.0,1
1435,19202.0,1
1436,20651.0,1
1437,18005.0,1
1438,19787.0,1
1439,22996.0,1
422,0.08,1
423,0.017083333333333,1
424,0.011666666666667,1
315,0.35503392589897,1
316,0.39675145731884,1
319,0.11457670095935,1
321,0.36806727678363,1
335,0.29765292390607,1
336,0.23413869286457,1
337,0.19698548217938,1
339,0.20171613331757,1
340,0.11476957687322,1
341,0.30382200551074,1
679,0.26314411313863,1
687,0.36410067063028,1
689,0.38128310259518,1
786,0.35589791119474,1
789,0.37517294925131,1
1402,0.3692657051508,1
1403,0.21646115832801,1
1405,0.34159809806242,1
1406,0.28403548732031,1
600,45.0,1
1019,298.0,1
1020,617.0,1
1307,22.0,1
600,322794.0,1
1019,87018.0,1
1020,730.0,1
1306,282468.0,1
1307,2623.0,1
1308,272549.0,1
1309,246747.0,1
1310,188179.0,1
1311,243060.0,1
13,4.74842741323,1
14,2.7204777472443,1
155,3.3205255151205,1
727,2.1474692777428,1
737,3.2428201777117,1
740,3.6241254011997,1
741,2.3308740661831,1
115,1.991601,1
116,2.305206,1
117,2.202982,1
118,1.962507,1
119,1.651823,1
946,2.770123,1
947,3.024215,1
948,3.056743,1
1239,1.552566,1
1240,1.478266,1
1241,1.452338,1
1242,1.4433,1
1243,1.470273,1
1244,1.472091,1
1245,1.459258,1
1246,1.449897,1
1247,1.447023,1
1248,1.451678,1
1249,1.454362,1
1250,1.457223,1
1251,1.447649,1
1252,1.459668,1
1253,1.450115,1
1254,1.468626,1
1255,1.442467,1
1256,1.445976,1
1257,1.425416,1
1258,1.405641,1
1259,1.410067,1
1260,1.408037,1
1261,1.393803,1
1262,1.393071,1
1211,4334.0,1
1212,5322.0,1
1213,5160.0,1
1214,5104.0,1
1215,5351.0,1
1216,5623.0,1
1217,5848.0,1
1218,6385.0,1
1219,7211.0,1
1220,7221.0,1
1221,6369.0,1
1222,4779.0,1
1387,23314.0,1
1388,19542.0,1
1411,11810.0,1
1412,12667.0,1
1413,9853.0,1
884,4513.0,1
885,5393.0,1
937,5412.0,1
1217,3517.0,1
1218,5088.0,1
1219,4523.0,1
1220,4827.0,1
1221,4439.0,1
1222,5737.0,1
1223,5072.0,1
354,42.862533014715,1
425,28.832492814923,1
1347,47.24328204208,1
1448,22.120909911193,1
1449,23.486015403324,1
1450,23.183170420739,1
1451,23.940386851284,1
1452,22.663395642783,1
1453,22.564251164657,1
1454,21.154427890796,1
1455,20.975617669484,1
1456,21.205391097995,1
1457,21.622908352587,1
1458,23.093519322623,1
1459,22.667179760915,1
1460,23.114131973945,1
1461,24.525653980016,1
771,216.0,1
772,91.0,1
773,112.0,1
774,130.0,1
775,102.0,1
776,250.0,1
777,193.0,1
778,247.0,1
779,161.0,1
780,170.0,1
781,187.0,1
782,177.0,1
783,174.0,1
784,241.0,1
785,232.0,1
786,244.0,1
787,110.0,1
788,92.0,1
789,104.0,1
790,95.0,1
791,60.0,1
792,44.0,1
793,64.0,1
794,81.0,1
795,128.0,1
796,144.0,1
797,157.0,1
798,197.0,1
799,371.0,1
800,288.0,1
801,186.0,1
802,167.0,1
803,153.0,1
804,205.0,1
805,151.0,1
806,144.0,1
807,171.0,1
808,204.0,1
809,243.0,1
810,254.0,1
811,161.0,1
812,113.0,1
813,110.0,1
814,95.0,1
815,79.0,1
816,77.0,1
817,70.0,1
818,87.0,1
819,102.0,1
820,144.0,1
821,102.0,1
822,95.0,1
823,152.0,1
824,215.0,1
825,130.0,1
826,123.0,1
827,93.0,1
828,164.0,1
829,278.0,1
830,250.0,1
831,207.0,1
832,190.0,1
833,360.0,1
834,235.0,1
835,174.0,1
836,142.0,1
837,111.0,1
838,92.0,1
839,94.0,1
840,73.0,1
841,90.0,1
842,82.0,1
843,132.0,1
844,157.0,1
845,245.0,1
846,251.0,1
847,207.0,1
848,232.0,1
849,291.0,1
850,226.0,1
851,205.0,1
852,200.0,1
853,171.0,1
854,322.0,1
855,229.0,1
856,232.0,1
857,228.0,1
858,255.0,1
859,137.0,1
860,71.0,1
861,68.0,1
862,83.0,1
863,121.0,1
864,11.0,1
865,52.0,1
866,45.0,1
867,124.0,1
868,153.0,1
869,86.0,1
870,187.0,1
871,203.0,1
872,219.0,1
873,179.0,1
874,142.0,1
875,196.0,1
876,176.0,1
877,214.0,1
878,235.0,1
879,259.0,1
880,441.0,1
881,295.0,1
882,250.0,1
883,43.0,1
1011,13.0,1
1012,190.0,1
1013,204.0,1
1014,253.0,1
1015,377.0,1
1016,263.0,1
1017,237.0,1
1018,358.0,1
1019,371.0,1
1020,341.0,1
1021,428.0,1
1022,410.0,1
1023,294.0,1
1024,353.0,1
1025,348.0,1
1026,249.0,1
1027,191.0,1
1028,217.0,1
1029,198.0,1
1030,142.0,1
1031,55.0,1
1032,156.0,1
1033,197.0,1
1034,173.0,1
1035,263.0,1
1036,313.0,1
1037,375.0,1
1038,451.0,1
1039,452.0,1
1040,398.0,1
1041,396.0,1
1042,297.0,1
1043,227.0,1
1044,357.0,1
1045,408.0,1
1046,154.0,1
1347,137.0,1
1348,231.0,1
1349,168.0,1
1350,174.0,1
1351,181.0,1
1352,182.0,1
1353,200.0,1
1354,225.0,1
1355,217.0,1
1356,230.0,1
1357,248.0,1
1358,185.0,1
1359,235.0,1
1360,186.0,1
1361,166.0,1
1362,202.0,1
1363,159.0,1
1364,135.0,1
1365,84.0,1
1366,63.0,1
1367,89.0,1
1368,85.0,1
1369,61.0,1
1370,70.0,1
1371,79.0,1
1372,181.0,1
1373,262.0,1
1374,152.0,1
1375,242.0,1
1376,218.0,1
1377,235.0,1
1378,378.0,1
1379,339.0,1
1380,223.0,1
1381,204.0,1
1382,168.0,1
1383,192.0,1
1384,125.0,1
1385,185.0,1
1386,132.0,1
1387,126.0,1
1388,74.0,1
1389,80.0,1
1390,85.0,1
1391,84.0,1
1392,75.0,1
1393,104.0,1
1394,117.0,1
1395,139.0,1
1396,148.0,1
1397,112.0,1
1398,126.0,1
1399,133.0,1
1400,123.0,1
1401,131.0,1
1402,149.0,1
1403,257.0,1
1404,209.0,1
1405,217.0,1
1406,155.0,1
1407,98.0,1
1408,151.0,1
1409,91.0,1
1410,125.0,1
1411,113.0,1
1412,51.0,1
1413,40.0,1
1414,28.0,1
1415,31.0,1
1416,35.0,1
1417,70.0,1
1418,52.0,1
1419,89.0,1
1420,61.0,1
1421,75.0,1
1422,76.0,1
1423,66.0,1
1424,103.0,1
1358,38406.0,1
1359,58122.0,1
1360,79159.0,1
1361,64605.0,1
1362,15424.0,1
1363,31238.0,1
1364,34932.0,1
1365,35417.0,1
1366,40137.0,1
1367,47605.0,1
1368,38848.0,1
1369,19990.0,1
1370,6785.0,1
1371,5917.0,1
1372,8643.0,1
1373,8635.0,1
1374,12755.0,1
1375,14807.0,1
1376,13332.0,1
1377,58828.0,1
1378,85613.0,1
1379,96508.0,1
1380,82095.0,1
1381,88412.0,1
1382,90565.0,1
1383,112727.0,1
1384,92485.0,1
1385,107888.0,1
1386,106526.0,1
1387,91264.0,1
1388,52696.0,1
1389,44502.0,1
1390,41921.0,1
1391,42576.0,1
1392,40350.0,1
1393,30569.0,1
1394,8819.0,1
1395,11759.0,1
1396,12846.0,1
1397,13050.0,1
1398,13027.0,1
1399,16633.0,1
1400,16705.0,1
1401,42603.0,1
1402,62212.0,1
1403,96435.0,1
1404,92369.0,1
1405,49828.0,1
1406,39703.0,1
1407,66057.0,1
1408,83461.0,1
1409,82963.0,1
1410,79431.0,1
1411,68445.0,1
1412,69670.0,1
1413,67410.0,1
1414,41867.0,1
1415,35862.0,1
1416,52457.0,1
1417,60905.0,1
1418,56616.0,1
1419,43893.0,1
1420,37964.0,1
1261,800.0,1
857,53.0,1
858,47.0,1
859,29.0,1
860,58.0,1
861,54.0,1
862,53.0,1
863,49.0,1
864,69.0,1
865,51.0,1
866,65.0,1
867,55.0,1
868,42.0,1
869,73.0,1
870,43.0,1
871,49.0,1
872,33.0,1
873,40.0,1
874,64.0,1
875,69.0,1
876,79.0,1
877,40.0,1
878,30.0,1
879,41.0,1
880,27.0,1
881,37.0,1
882,36.0,1
883,28.0,1
884,27.0,1
885,42.0,1
886,19.0,1
887,18.0,1
888,25.0,1
889,39.0,1
890,6.0,1
891,7.0,1
892,13.0,1
893,11.0,1
894,6.0,1
895,7.0,1
896,6.0,1
897,6.0,1
898,9.0,1
899,8.0,1
900,9.0,1
901,8.0,1
902,10.0,1
903,5.0,1
904,2.0,1
905,2.0,1
906,2.0,1
907,2.0,1
908,4.0,1
909,5.0,1
910,3.0,1
911,3.0,1
912,2.0,1
913,8.0,1
914,5.0,1
915,4.0,1
916,5.0,1
917,2.0,1
918,3.0,1
919,6.0,1
920,5.0,1
921,9.0,1
922,6.0,1
923,7.0,1
924,11.0,1
925,7.0,1
926,2.0,1
927,3.0,1
928,3.0,1
929,2.0,1
930,2.0,1
931,2.0,1
932,1.0,1
933,10.0,1
934,10.0,1
935,4.0,1
936,6.0,1
937,1.0,1
938,8.0,1
939,1.0,1
940,7.0,1
941,8.0,1
942,3.0,1
943,3.0,1
944,6.0,1
945,6.0,1
946,10.0,1
947,10.0,1
948,8.0,1
949,8.0,1
950,5.0,1
951,2.0,1
952,6.0,1
953,2.0,1
954,1.0,1
955,4.0,1
956,5.0,1
957,23.0,1
958,30.0,1
959,13.0,1
960,21.0,1
961,22.0,1
962,11.0,1
963,12.0,1
1067,30.0,1
1248,405.0,1
569,55310.0,1
570,191045.0,1
571,161380.0,1
572,145932.0,1
573,96184.0,1
646,81311.0,1
647,140325.0,1
648,134855.0,1
1020,587.0,1
1307,199.0,1
425,28.832492814923,1
1347,47.24328204208,1
1448,22.120909911193,1
1449,23.486015403324,1
1450,23.183170420739,1
1451,23.940386851284,1
1452,22.663395642783,1
1453,22.564251164657,1
1454,21.154427890796,1
1455,20.975617669484,1
1456,21.205391097995,1
1457,21.622908352587,1
1458,23.093519322623,1
1459,22.667179760915,1
1460,23.114131973945,1
1461,24.525653980016,1
600,11029.0,1
1019,8051.0,1
1020,17738.0,1
1208,59358.0,1
1307,481.0,1
421,23376.500647066,1
422,17747.539004449,1
423,14322.472074315,1
424,14083.358351611,1
425,19913.881006253,1
426,24576.719544012,1
573,45668.398392256,1
606,30274.897057239,1
607,32531.561300866,1
1393,152.0,1
1394,331.0,1
1395,298.0,1
1396,327.0,1
1397,282.0,1
1398,298.0,1
1399,356.0,1
1400,288.0,1
1401,267.0,1
1402,273.0,1
1403,313.0,1
1404,258.0,1
1405,271.0,1
1406,302.0,1
1407,293.0,1
1408,299.0,1
1409,259.0,1
1410,255.0,1
1411,312.0,1
1412,366.0,1
1413,324.0,1
1414,383.0,1
1415,320.0,1
1416,338.0,1
1417,341.0,1
1418,403.0,1
1419,445.0,1
1420,407.0,1
1421,366.0,1
1422,299.0,1
1423,341.0,1
1424,295.0,1
1425,357.0,1
1426,300.0,1
1427,295.0,1
1428,363.0,1
1429,374.0,1
1430,345.0,1
1431,409.0,1
1432,305.0,1
1433,278.0,1
1434,258.0,1
1435,344.0,1
1382,315.0,1
1383,354.0,1
1384,457.0,1
1385,813.0,1
1386,1146.0,1
1387,1222.0,1
1388,1112.0,1
1389,855.0,1
1390,538.0,1
1391,343.0,1
1399,357.0,1
1400,568.0,1
1401,590.0,1
1402,648.0,1
1403,644.0,1
1404,625.0,1
1405,670.0,1
1406,851.0,1
1407,681.0,1
1408,1053.0,1
1409,1106.0,1
1410,1289.0,1
1411,1527.0,1
1412,1515.0,1
1413,1140.0,1
1414,809.0,1
1415,483.0,1
1423,437.0,1
1424,511.0,1
1425,587.0,1
1426,645.0,1
1427,674.0,1
1428,656.0,1
1429,591.0,1
1430,569.0,1
1431,590.0,1
1432,654.0,1
1433,1118.0,1
1434,1085.0,1
1435,1296.0,1
1436,1176.0,1
1437,999.0,1
1438,762.0,1
1439,446.0,1
654,0.1,1
655,0.10305555555556,1
656,0.12388888888889,1
657,0.10861111111111,1
830,1.0752777777778,1
974,0.36066666666667,1
1315,0.10583333333333,1
1316,0.16305555555556,1
